{"cameraMode":{"drawMode":0,"name":"Shaded","section":"Shading Mode"},"sceneLighting":false,"audioPlay":false,"sceneViewState":{"m_AlwaysRefresh":false,"showFog":true,"showSkybox":false,"showFlares":true,"showImageEffects":true,"showParticleSystems":true,"showVisualEffectGraphs":true,"m_FxEnabled":true},"in2DMode":false,"pivot":{"x":4.0060834884643559,"y":2.113570213317871,"z":5.037600517272949},"rotation":{"x":-0.07625947147607804,"y":-0.06575115770101547,"z":0.005038025788962841,"w":-0.9949118494987488},"size":8.322169303894043,"orthographic":true}