{"cameraMode":{"drawMode":0,"name":"Shaded","section":"Shading Mode"},"sceneLighting":false,"audioPlay":false,"sceneViewState":{"m_AlwaysRefresh":false,"showFog":true,"showSkybox":false,"showFlares":true,"showImageEffects":true,"showParticleSystems":true,"showVisualEffectGraphs":true,"m_FxEnabled":true},"in2DMode":false,"pivot":{"x":7.125309944152832,"y":2.175262451171875,"z":5.691162586212158},"rotation":{"x":-0.07625947147607804,"y":-0.06575115770101547,"z":0.005038025788962841,"w":-0.9949118494987488},"size":6.7041544914245609,"orthographic":true}