{"cameraMode":{"drawMode":0,"name":"Shaded","section":"Shading Mode"},"sceneLighting":false,"audioPlay":false,"sceneViewState":{"m_AlwaysRefresh":false,"showFog":true,"showSkybox":true,"showFlares":true,"showImageEffects":true,"showParticleSystems":true,"showVisualEffectGraphs":true,"m_FxEnabled":true},"in2DMode":false,"pivot":{"x":0.6850492358207703,"y":-5.069850921630859,"z":27.618759155273439},"rotation":{"x":0.19553816318511964,"y":-0.008525065146386624,"z":0.0016960302600637079,"w":0.9806749224662781},"size":14.573880195617676,"orthographic":false}